Domain Code,Domain,Area Code (M49),Area,Element Code,Element,Item Code (CPC),Item,Year Code,Year,Unit,Value,Flag,Flag Description,Note
"QCL","Crops and livestock products","356","India","5312","Area harvested","01654","Anise, badian, coriander, cumin, caraway, fennel and juniper berries, raw","2023","2023","ha","1910082","I","Value imputed by a receiving agency",""
"QCL","Crops and livestock products","356","India","5412","Yield","01654","Anise, badian, coriander, cumin, caraway, fennel and juniper berries, raw","2023","2023","kg/ha","1026.4","E","Estimated value",""
"QCL","Crops and livestock products","356","India","5510","Production","01654","Anise, badian, coriander, cumin, caraway, fennel and juniper berries, raw","2023","2023","t","1960504.49","I","Value imputed by a receiving agency",""
"QCL","Crops and livestock products","356","India","5312","Area harvested","01341","Apples","2023","2023","ha","304000","A","Official figure",""
"QCL","Crops and livestock products","356","India","5412","Yield","01341","Apples","2023","2023","kg/ha","9460.5","A","Official figure",""
"QCL","Crops and livestock products","356","India","5510","Production","01341","Apples","2023","2023","t","2876000","A","Official figure",""
"QCL","Crops and livestock products","356","India","5312","Area harvested","01343","Apricots","2023","2023","ha","5323","E","Estimated value",""
"QCL","Crops and livestock products","356","India","5412","Yield","01343","Apricots","2023","2023","kg/ha","2846.8","E","Estimated value",""
"QCL","Crops and livestock products","356","India","5510","Production","01343","Apricots","2023","2023","t","15155.18","I","Value imputed by a receiving agency",""
"QCL","Crops and livestock products","356","India","5312","Area harvested","01379.01","Areca nuts","2023","2023","ha","938000","A","Official figure",""
"QCL","Crops and livestock products","356","India","5412","Yield","01379.01","Areca nuts","2023","2023","kg/ha","1459.5","A","Official figure",""
"QCL","Crops and livestock products","356","India","5510","Production","01379.01","Areca nuts","2023","2023","t","1369000","A","Official figure",""
"QCL","Crops and livestock products","356","India","5312","Area harvested","01312","Bananas","2023","2023","ha","994000","A","Official figure",""
"QCL","Crops and livestock products","356","India","5412","Yield","01312","Bananas","2023","2023","kg/ha","36835","A","Official figure",""
"QCL","Crops and livestock products","356","India","5510","Production","01312","Bananas","2023","2023","t","36614000","A","Official figure",""
"QCL","Crops and livestock products","356","India","5312","Area harvested","0115","Barley","2023","2023","ha","628325","A","Official figure",""
"QCL","Crops and livestock products","356","India","5412","Yield","0115","Barley","2023","2023","kg/ha","3044.5","A","Official figure",""
"QCL","Crops and livestock products","356","India","5510","Production","0115","Barley","2023","2023","t","1912919.44","A","Official figure",""
"QCL","Crops and livestock products","356","India","5312","Area harvested","01701","Beans, dry","2023","2023","ha","15562796","I","Value imputed by a receiving agency",""
"QCL","Crops and livestock products","356","India","5412","Yield","01701","Beans, dry","2023","2023","kg/ha","417.1","E","Estimated value",""
"QCL","Crops and livestock products","356","India","5510","Production","01701","Beans, dry","2023","2023","t","6491362.24","I","Value imputed by a receiving agency",""
"QCL","Crops and livestock products","356","India","5312","Area harvested","01212","Cabbages","2023","2023","ha","433000","A","Official figure",""
"QCL","Crops and livestock products","356","India","5412","Yield","01212","Cabbages","2023","2023","kg/ha","23207.9","A","Official figure",""
"QCL","Crops and livestock products","356","India","5510","Production","01212","Cabbages","2023","2023","t","10049000","A","Official figure",""
"QCL","Crops and livestock products","356","India","5312","Area harvested","01229","Cantaloupes and other melons","2023","2023","ha","68000","A","Official figure",""
"QCL","Crops and livestock products","356","India","5412","Yield","01229","Cantaloupes and other melons","2023","2023","kg/ha","22029.4","A","Official figure",""
"QCL","Crops and livestock products","356","India","5510","Production","01229","Cantaloupes and other melons","2023","2023","t","1498000","A","Official figure",""
"QCL","Crops and livestock products","356","India","5312","Area harvested","01251","Carrots and turnips","2023","2023","ha","","M","Missing value; data cannot exist",""
"QCL","Crops and livestock products","356","India","5510","Production","01251","Carrots and turnips","2023","2023","t","","M","Missing value; data cannot exist",""
"QCL","Crops and livestock products","356","India","5312","Area harvested","01372","Cashew nuts, in shell","2023","2023","ha","1195000","A","Official figure",""
"QCL","Crops and livestock products","356","India","5412","Yield","01372","Cashew nuts, in shell","2023","2023","kg/ha","654.4","A","Official figure",""
"QCL","Crops and livestock products","356","India","5510","Production","01372","Cashew nuts, in shell","2023","2023","t","782000","A","Official figure",""
"QCL","Crops and livestock products","356","India","5312","Area harvested","01520.01","Cassava, fresh","2023","2023","ha","166000","A","Official figure",""
"QCL","Crops and livestock products","356","India","5412","Yield","01520.01","Cassava, fresh","2023","2023","kg/ha","35771.1","A","Official figure",""
"QCL","Crops and livestock products","356","India","5510","Production","01520.01","Cassava, fresh","2023","2023","t","5938000","A","Official figure",""
"QCL","Crops and livestock products","356","India","5312","Area harvested","01447","Castor oil seeds","2023","2023","ha","1019279","A","Official figure",""
"QCL","Crops and livestock products","356","India","5412","Yield","01447","Castor oil seeds","2023","2023","kg/ha","1942.3","A","Official figure",""
"QCL","Crops and livestock products","356","India","5510","Production","01447","Castor oil seeds","2023","2023","t","1979717.74","A","Official figure",""
"QCL","Crops and livestock products","356","India","5312","Area harvested","01213","Cauliflowers and broccoli","2023","2023","ha","491000","A","Official figure",""
"QCL","Crops and livestock products","356","India","5412","Yield","01213","Cauliflowers and broccoli","2023","2023","kg/ha","19446","A","Official figure",""
"QCL","Crops and livestock products","356","India","5510","Production","01213","Cauliflowers and broccoli","2023","2023","t","9548000","A","Official figure",""
"QCL","Crops and livestock products","356","India","5312","Area harvested","01344.02","Cherries","2023","2023","ha","3576","E","Estimated value",""
"QCL","Crops and livestock products","356","India","5412","Yield","01344.02","Cherries","2023","2023","kg/ha","2987.2","E","Estimated value",""
"QCL","Crops and livestock products","356","India","5510","Production","01344.02","Cherries","2023","2023","t","10682.6","E","Estimated value",""
"QCL","Crops and livestock products","356","India","5312","Area harvested","01703","Chick peas, dry","2023","2023","ha","10470862","A","Official figure",""
"QCL","Crops and livestock products","356","India","5412","Yield","01703","Chick peas, dry","2023","2023","kg/ha","1171.6","A","Official figure",""
"QCL","Crops and livestock products","356","India","5510","Production","01703","Chick peas, dry","2023","2023","t","12267289.55","A","Official figure",""
"QCL","Crops and livestock products","356","India","5312","Area harvested","01652","Chillies and peppers, dry (Capsicum spp., Pimenta spp.), raw","2023","2023","ha","852000","A","Official figure",""
"QCL","Crops and livestock products","356","India","5412","Yield","01652","Chillies and peppers, dry (Capsicum spp., Pimenta spp.), raw","2023","2023","kg/ha","3265.3","A","Official figure",""
"QCL","Crops and livestock products","356","India","5510","Production","01652","Chillies and peppers, dry (Capsicum spp., Pimenta spp.), raw","2023","2023","t","2782000","A","Official figure",""
"QCL","Crops and livestock products","356","India","5312","Area harvested","01231","Chillies and peppers, green (Capsicum spp. and Pimenta spp.)","2023","2023","ha","8616","E","Estimated value",""
"QCL","Crops and livestock products","356","India","5412","Yield","01231","Chillies and peppers, green (Capsicum spp. and Pimenta spp.)","2023","2023","kg/ha","8578.4","E","Estimated value",""
"QCL","Crops and livestock products","356","India","5510","Production","01231","Chillies and peppers, green (Capsicum spp. and Pimenta spp.)","2023","2023","t","73914.76","E","Estimated value",""
"QCL","Crops and livestock products","356","India","5312","Area harvested","01640","Cocoa beans","2023","2023","ha","109000","A","Official figure",""
"QCL","Crops and livestock products","356","India","5412","Yield","01640","Cocoa beans","2023","2023","kg/ha","275.2","A","Official figure",""
"QCL","Crops and livestock products","356","India","5510","Production","01640","Cocoa beans","2023","2023","t","30000","A","Official figure",""
"QCL","Crops and livestock products","356","India","5312","Area harvested","01460","Coconuts, in shell","2023","2023","ha","2277000","A","Official figure",""
"QCL","Crops and livestock products","356","India","5412","Yield","01460","Coconuts, in shell","2023","2023","kg/ha","6220","A","Official figure",""
"QCL","Crops and livestock products","356","India","5510","Production","01460","Coconuts, in shell","2023","2023","t","14163000","A","Official figure",""
"QCL","Crops and livestock products","356","India","5312","Area harvested","01610","Coffee, green","2023","2023","ha","437862","I","Value imputed by a receiving agency",""
"QCL","Crops and livestock products","356","India","5412","Yield","01610","Coffee, green","2023","2023","kg/ha","760.2","E","Estimated value",""
"QCL","Crops and livestock products","356","India","5510","Production","01610","Coffee, green","2023","2023","t","332848.31","I","Value imputed by a receiving agency",""
"QCL","Crops and livestock products","356","India","5510","Production","01929.08","Coir, raw","2023","2023","t","1089837.79","I","Value imputed by a receiving agency",""
"QCL","Crops and livestock products","356","India","5312","Area harvested","01232","Cucumbers and gherkins","2023","2023","ha","28575","E","Estimated value",""
"QCL","Crops and livestock products","356","India","5412","Yield","01232","Cucumbers and gherkins","2023","2023","kg/ha","6407.8","E","Estimated value",""
"QCL","Crops and livestock products","356","India","5510","Production","01232","Cucumbers and gherkins","2023","2023","t","183102.41","E","Estimated value",""
"QCL","Crops and livestock products","356","India","5312","Area harvested","01233","Eggplants (aubergines)","2023","2023","ha","681000","A","Official figure",""
"QCL","Crops and livestock products","356","India","5412","Yield","01233","Eggplants (aubergines)","2023","2023","kg/ha","18784.1","A","Official figure",""
"QCL","Crops and livestock products","356","India","5510","Production","01233","Eggplants (aubergines)","2023","2023","t","12792000","A","Official figure",""
"QCL","Crops and livestock products","356","India","5312","Area harvested","01315","Figs","2023","2023","ha","5931","I","Value imputed by a receiving agency",""
"QCL","Crops and livestock products","356","India","5412","Yield","01315","Figs","2023","2023","kg/ha","2507.8","E","Estimated value",""
"QCL","Crops and livestock products","356","India","5510","Production","01315","Figs","2023","2023","t","14874.84","E","Estimated value",""
"QCL","Crops and livestock products","356","India","5312","Area harvested","01657","Ginger, raw","2023","2023","ha","191000","A","Official figure",""
"QCL","Crops and livestock products","356","India","5412","Yield","01657","Ginger, raw","2023","2023","kg/ha","11523.6","A","Official figure",""
"QCL","Crops and livestock products","356","India","5510","Production","01657","Ginger, raw","2023","2023","t","2201000","A","Official figure",""
"QCL","Crops and livestock products","356","India","5312","Area harvested","01330","Grapes","2023","2023","ha","169000","A","Official figure",""
"QCL","Crops and livestock products","356","India","5412","Yield","01330","Grapes","2023","2023","kg/ha","22130.2","A","Official figure",""
"QCL","Crops and livestock products","356","India","5510","Production","01330","Grapes","2023","2023","t","3740000","A","Official figure",""
"QCL","Crops and livestock products","356","India","5312","Area harvested","01252","Green garlic","2023","2023","ha","408560","I","Value imputed by a receiving agency",""
"QCL","Crops and livestock products","356","India","5412","Yield","01252","Green garlic","2023","2023","kg/ha","7994","E","Estimated value",""
"QCL","Crops and livestock products","356","India","5510","Production","01252","Green garlic","2023","2023","t","3266022.81","I","Value imputed by a receiving agency",""
"QCL","Crops and livestock products","356","India","5312","Area harvested","0142","Groundnuts, excluding shelled","2023","2023","ha","4961181","A","Official figure",""
"QCL","Crops and livestock products","356","India","5412","Yield","0142","Groundnuts, excluding shelled","2023","2023","kg/ha","2075.5","A","Official figure",""
"QCL","Crops and livestock products","356","India","5510","Production","0142","Groundnuts, excluding shelled","2023","2023","t","10296707.97","A","Official figure",""
"QCL","Crops and livestock products","356","India","5312","Area harvested","01922.01","Jute, raw or retted","2023","2023","ha","619083","A","Official figure",""
"QCL","Crops and livestock products","356","India","5412","Yield","01922.01","Jute, raw or retted","2023","2023","kg/ha","2613.6","A","Official figure",""
"QCL","Crops and livestock products","356","India","5510","Production","01922.01","Jute, raw or retted","2023","2023","t","1618020","A","Official figure",""
"QCL","Crops and livestock products","356","India","5312","Area harvested","01922.02","Kenaf, and other textile bast fibres, raw or retted","2023","2023","ha","86576","E","Estimated value",""
"QCL","Crops and livestock products","356","India","5412","Yield","01922.02","Kenaf, and other textile bast fibres, raw or retted","2023","2023","kg/ha","1176.9","E","Estimated value",""
"QCL","Crops and livestock products","356","India","5510","Production","01922.02","Kenaf, and other textile bast fibres, raw or retted","2023","2023","t","101895.74","E","Estimated value",""
"QCL","Crops and livestock products","356","India","5312","Area harvested","01322","Lemons and limes","2023","2023","ha","312000","A","Official figure",""
"QCL","Crops and livestock products","356","India","5412","Yield","01322","Lemons and limes","2023","2023","kg/ha","12137.8","A","Official figure",""
"QCL","Crops and livestock products","356","India","5510","Production","01322","Lemons and limes","2023","2023","t","3787000","A","Official figure",""
"QCL","Crops and livestock products","356","India","5312","Area harvested","01704","Lentils, dry","2023","2023","ha","1636781","A","Official figure",""
"QCL","Crops and livestock products","356","India","5412","Yield","01704","Lentils, dry","2023","2023","kg/ha","952.3","A","Official figure",""
"QCL","Crops and livestock products","356","India","5510","Production","01704","Lentils, dry","2023","2023","t","1558636.62","A","Official figure",""
"QCL","Crops and livestock products","356","India","5312","Area harvested","01214","Lettuce and chicory","2023","2023","ha","181474","E","Estimated value",""
"QCL","Crops and livestock products","356","India","5412","Yield","01214","Lettuce and chicory","2023","2023","kg/ha","6451.4","E","Estimated value",""
"QCL","Crops and livestock products","356","India","5510","Production","01214","Lettuce and chicory","2023","2023","t","1170764.35","E","Estimated value",""
"QCL","Crops and livestock products","356","India","5312","Area harvested","01441","Linseed","2023","2023","ha","238731","A","Official figure",""
"QCL","Crops and livestock products","356","India","5412","Yield","01441","Linseed","2023","2023","kg/ha","698.5","A","Official figure",""
"QCL","Crops and livestock products","356","India","5510","Production","01441","Linseed","2023","2023","t","166753.17","A","Official figure",""
"QCL","Crops and livestock products","356","India","5312","Area harvested","0112","Maize (corn)","2023","2023","ha","10743603","A","Official figure",""
"QCL","Crops and livestock products","356","India","5412","Yield","0112","Maize (corn)","2023","2023","kg/ha","3544.9","A","Official figure",""
"QCL","Crops and livestock products","356","India","5510","Production","0112","Maize (corn)","2023","2023","t","38085256.41","A","Official figure",""
"QCL","Crops and livestock products","356","India","5312","Area harvested","01316","Mangoes, guavas and mangosteens","2023","2023","ha","2698000","A","Official figure",""
"QCL","Crops and livestock products","356","India","5412","Yield","01316","Mangoes, guavas and mangosteens","2023","2023","kg/ha","9724.2","A","Official figure",""
"QCL","Crops and livestock products","356","India","5510","Production","01316","Mangoes, guavas and mangosteens","2023","2023","t","26236000","A","Official figure",""
"QCL","Crops and livestock products","356","India","5312","Area harvested","0118","Millet","2023","2023","ha","9163754","A","Official figure",""
"QCL","Crops and livestock products","356","India","5412","Yield","0118","Millet","2023","2023","kg/ha","1474","A","Official figure",""
"QCL","Crops and livestock products","356","India","5510","Production","0118","Millet","2023","2023","t","13507041","A","Official figure",""
"QCL","Crops and livestock products","356","India","5510","Production","01270","Mushrooms and truffles","2023","2023","t","315000","A","Official figure",""
"QCL","Crops and livestock products","356","India","5312","Area harvested","01950.01","Natural rubber in primary forms","2023","2023","ha","374826","I","Value imputed by a receiving agency",""
"QCL","Crops and livestock products","356","India","5412","Yield","01950.01","Natural rubber in primary forms","2023","2023","kg/ha","2265.1","E","Estimated value",""
"QCL","Crops and livestock products","356","India","5510","Production","01950.01","Natural rubber in primary forms","2023","2023","t","849000","X","Figure from external organization","Unofficial figure"
"QCL","Crops and livestock products","356","India","5312","Area harvested","01653","Nutmeg, mace, cardamoms, raw","2023","2023","ha","111000","A","Official figure",""
"QCL","Crops and livestock products","356","India","5412","Yield","01653","Nutmeg, mace, cardamoms, raw","2023","2023","kg/ha","486.5","A","Official figure",""
"QCL","Crops and livestock products","356","India","5510","Production","01653","Nutmeg, mace, cardamoms, raw","2023","2023","t","54000","A","Official figure",""
"QCL","Crops and livestock products","356","India","5312","Area harvested","01239.01","Okra","2023","2023","ha","549000","A","Official figure",""
"QCL","Crops and livestock products","356","India","5412","Yield","01239.01","Okra","2023","2023","kg/ha","13038.3","A","Official figure",""
"QCL","Crops and livestock products","356","India","5510","Production","01239.01","Okra","2023","2023","t","7158000","A","Official figure",""
"QCL","Crops and livestock products","356","India","5312","Area harvested","01253.02","Onions and shallots, dry (excluding dehydrated)","2023","2023","ha","1740000","A","Official figure",""
"QCL","Crops and livestock products","356","India","5412","Yield","01253.02","Onions and shallots, dry (excluding dehydrated)","2023","2023","kg/ha","17360.9","A","Official figure",""
"QCL","Crops and livestock products","356","India","5510","Production","01253.02","Onions and shallots, dry (excluding dehydrated)","2023","2023","t","30208000","A","Official figure",""
"QCL","Crops and livestock products","356","India","5312","Area harvested","01323","Oranges","2023","2023","ha","231000","A","Official figure",""
"QCL","Crops and livestock products","356","India","5412","Yield","01323","Oranges","2023","2023","kg/ha","17000","A","Official figure",""
"QCL","Crops and livestock products","356","India","5510","Production","01323","Oranges","2023","2023","t","3927000","A","Official figure",""
"QCL","Crops and livestock products","356","India","5312","Area harvested","01241.90","Other beans, green","2023","2023","ha","236777","E","Estimated value",""
"QCL","Crops and livestock products","356","India","5412","Yield","01241.90","Other beans, green","2023","2023","kg/ha","2838.4","E","Estimated value",""
"QCL","Crops and livestock products","356","India","5510","Production","01241.90","Other beans, green","2023","2023","t","672063.42","E","Estimated value",""
"QCL","Crops and livestock products","356","India","5312","Area harvested","01355.90","Other berries and fruits of the genus vaccinium n.e.c.","2023","2023","ha","326","E","Estimated value",""
"QCL","Crops and livestock products","356","India","5412","Yield","01355.90","Other berries and fruits of the genus vaccinium n.e.c.","2023","2023","kg/ha","6900.1","E","Estimated value",""
"QCL","Crops and livestock products","356","India","5510","Production","01355.90","Other berries and fruits of the genus vaccinium n.e.c.","2023","2023","t","2250.34","E","Estimated value",""
"QCL","Crops and livestock products","356","India","5312","Area harvested","01329","Other citrus fruit, n.e.c.","2023","2023","ha","97000","A","Official figure",""
"QCL","Crops and livestock products","356","India","5412","Yield","01329","Other citrus fruit, n.e.c.","2023","2023","kg/ha","7350.5","A","Official figure",""
"QCL","Crops and livestock products","356","India","5510","Production","01329","Other citrus fruit, n.e.c.","2023","2023","t","713000","A","Official figure",""
"QCL","Crops and livestock products","356","India","5312","Area harvested","01359.90","Other fruits, n.e.c.","2023","2023","ha","1316209","I","Value imputed by a receiving agency",""
"QCL","Crops and livestock products","356","India","5412","Yield","01359.90","Other fruits, n.e.c.","2023","2023","kg/ha","8655.7","E","Estimated value",""
"QCL","Crops and livestock products","356","India","5510","Production","01359.90","Other fruits, n.e.c.","2023","2023","t","11392661.61","I","Value imputed by a receiving agency",""
"QCL","Crops and livestock products","356","India","5312","Area harvested","01449.90","Other oil seeds, n.e.c.","2023","2023","ha","107138","I","Value imputed by a receiving agency",""
"QCL","Crops and livestock products","356","India","5412","Yield","01449.90","Other oil seeds, n.e.c.","2023","2023","kg/ha","313.8","E","Estimated value",""
"QCL","Crops and livestock products","356","India","5510","Production","01449.90","Other oil seeds, n.e.c.","2023","2023","t","33617.04","I","Value imputed by a receiving agency",""
"QCL","Crops and livestock products","356","India","5312","Area harvested","01709.90","Other pulses n.e.c.","2023","2023","ha","2221797","E","Estimated value",""
"QCL","Crops and livestock products","356","India","5412","Yield","01709.90","Other pulses n.e.c.","2023","2023","kg/ha","438.2","E","Estimated value",""
"QCL","Crops and livestock products","356","India","5510","Production","01709.90","Other pulses n.e.c.","2023","2023","t","973660.76","E","Estimated value",""
"QCL","Crops and livestock products","356","India","5312","Area harvested","01699","Other stimulant, spice and aromatic crops, n.e.c.","2023","2023","ha","731780","I","Value imputed by a receiving agency",""
"QCL","Crops and livestock products","356","India","5412","Yield","01699","Other stimulant, spice and aromatic crops, n.e.c.","2023","2023","kg/ha","2114","E","Estimated value",""
"QCL","Crops and livestock products","356","India","5510","Production","01699","Other stimulant, spice and aromatic crops, n.e.c.","2023","2023","t","1546994.67","I","Value imputed by a receiving agency",""
"QCL","Crops and livestock products","356","India","5312","Area harvested","01349.20","Other stone fruits","2023","2023","ha","605","I","Value imputed by a receiving agency",""
"QCL","Crops and livestock products","356","India","5412","Yield","01349.20","Other stone fruits","2023","2023","kg/ha","3913.8","E","Estimated value",""
"QCL","Crops and livestock products","356","India","5510","Production","01349.20","Other stone fruits","2023","2023","t","2366.95","E","Estimated value",""
"QCL","Crops and livestock products","356","India","5312","Area harvested","01319","Other tropical fruits, n.e.c.","2023","2023","ha","455342","I","Value imputed by a receiving agency",""
"QCL","Crops and livestock products","356","India","5412","Yield","01319","Other tropical fruits, n.e.c.","2023","2023","kg/ha","13020.2","E","Estimated value",""
"QCL","Crops and livestock products","356","India","5510","Production","01319","Other tropical fruits, n.e.c.","2023","2023","t","5928649.47","E","Estimated value",""
"QCL","Crops and livestock products","356","India","5312","Area harvested","01290.90","Other vegetables, fresh n.e.c.","2023","2023","ha","2963992","I","Value imputed by a receiving agency",""
"QCL","Crops and livestock products","356","India","5412","Yield","01290.90","Other vegetables, fresh n.e.c.","2023","2023","kg/ha","14386.5","E","Estimated value",""
"QCL","Crops and livestock products","356","India","5510","Production","01290.90","Other vegetables, fresh n.e.c.","2023","2023","t","42641573.72","I","Value imputed by a receiving agency",""
"QCL","Crops and livestock products","356","India","5312","Area harvested","01317","Papayas","2023","2023","ha","148000","A","Official figure",""
"QCL","Crops and livestock products","356","India","5412","Yield","01317","Papayas","2023","2023","kg/ha","35405.4","A","Official figure",""
"QCL","Crops and livestock products","356","India","5510","Production","01317","Papayas","2023","2023","t","5240000","A","Official figure",""
"QCL","Crops and livestock products","356","India","5312","Area harvested","01345","Peaches and nectarines","2023","2023","ha","","M","Missing value; data cannot exist",""
"QCL","Crops and livestock products","356","India","5510","Production","01345","Peaches and nectarines","2023","2023","t","","M","Missing value; data cannot exist",""
"QCL","Crops and livestock products","356","India","5312","Area harvested","01342.01","Pears","2023","2023","ha","35000","A","Official figure",""
"QCL","Crops and livestock products","356","India","5412","Yield","01342.01","Pears","2023","2023","kg/ha","7742.9","A","Official figure",""
"QCL","Crops and livestock products","356","India","5510","Production","01342.01","Pears","2023","2023","t","271000","A","Official figure",""
"QCL","Crops and livestock products","356","India","5312","Area harvested","01705","Peas, dry","2023","2023","ha","838961","A","Official figure",""
"QCL","Crops and livestock products","356","India","5412","Yield","01705","Peas, dry","2023","2023","kg/ha","1352.1","A","Official figure",""
"QCL","Crops and livestock products","356","India","5510","Production","01705","Peas, dry","2023","2023","t","1134336.56","A","Official figure",""
"QCL","Crops and livestock products","356","India","5312","Area harvested","01242","Peas, green","2023","2023","ha","609000","A","Official figure",""
"QCL","Crops and livestock products","356","India","5412","Yield","01242","Peas, green","2023","2023","kg/ha","10824.3","A","Official figure",""
"QCL","Crops and livestock products","356","India","5510","Production","01242","Peas, green","2023","2023","t","6592000","A","Official figure",""
"QCL","Crops and livestock products","356","India","5312","Area harvested","01651","Pepper (Piper spp.), raw","2023","2023","ha","126667","I","Value imputed by a receiving agency",""
"QCL","Crops and livestock products","356","India","5412","Yield","01651","Pepper (Piper spp.), raw","2023","2023","kg/ha","519","E","Estimated value",""
"QCL","Crops and livestock products","356","India","5510","Production","01651","Pepper (Piper spp.), raw","2023","2023","t","65739.64","I","Value imputed by a receiving agency",""
"QCL","Crops and livestock products","356","India","5312","Area harvested","01707","Pigeon peas, dry","2023","2023","ha","4068434","A","Official figure",""
"QCL","Crops and livestock products","356","India","5412","Yield","01707","Pigeon peas, dry","2023","2023","kg/ha","814","A","Official figure",""
"QCL","Crops and livestock products","356","India","5510","Production","01707","Pigeon peas, dry","2023","2023","t","3311532.36","A","Official figure",""
"QCL","Crops and livestock products","356","India","5312","Area harvested","01318","Pineapples","2023","2023","ha","108000","A","Official figure",""
"QCL","Crops and livestock products","356","India","5412","Yield","01318","Pineapples","2023","2023","kg/ha","16925.9","A","Official figure",""
"QCL","Crops and livestock products","356","India","5510","Production","01318","Pineapples","2023","2023","t","1828000","A","Official figure",""
"QCL","Crops and livestock products","356","India","5312","Area harvested","01346","Plums and sloes","2023","2023","ha","","M","Missing value; data cannot exist",""
"QCL","Crops and livestock products","356","India","5510","Production","01346","Plums and sloes","2023","2023","t","","M","Missing value; data cannot exist",""
"QCL","Crops and livestock products","356","India","5312","Area harvested","01321","Pomelos and grapefruits","2023","2023","ha","","M","Missing value; data cannot exist",""
"QCL","Crops and livestock products","356","India","5510","Production","01321","Pomelos and grapefruits","2023","2023","t","","M","Missing value; data cannot exist",""
"QCL","Crops and livestock products","356","India","5312","Area harvested","01448","Poppy seed","2023","2023","ha","","M","Missing value; data cannot exist",""
"QCL","Crops and livestock products","356","India","5510","Production","01448","Poppy seed","2023","2023","t","","M","Missing value; data cannot exist",""
"QCL","Crops and livestock products","356","India","5312","Area harvested","01510","Potatoes","2023","2023","ha","2332000","A","Official figure",""
"QCL","Crops and livestock products","356","India","5412","Yield","01510","Potatoes","2023","2023","kg/ha","25789.9","A","Official figure",""
"QCL","Crops and livestock products","356","India","5510","Production","01510","Potatoes","2023","2023","t","60142000","A","Official figure",""
"QCL","Crops and livestock products","356","India","5312","Area harvested","01235","Pumpkins, squash and gourds","2023","2023","ha","","M","Missing value; data cannot exist",""
"QCL","Crops and livestock products","356","India","5510","Production","01235","Pumpkins, squash and gourds","2023","2023","t","","M","Missing value; data cannot exist",""
"QCL","Crops and livestock products","356","India","5312","Area harvested","01443","Rape or colza seed","2023","2023","ha","8851524","A","Official figure",""
"QCL","Crops and livestock products","356","India","5412","Yield","01443","Rape or colza seed","2023","2023","kg/ha","1428.4","A","Official figure",""
"QCL","Crops and livestock products","356","India","5510","Production","01443","Rape or colza seed","2023","2023","t","12643196.4","A","Official figure",""
"QCL","Crops and livestock products","356","India","5312","Area harvested","0113","Rice","2023","2023","ha","47828000","A","Official figure",""
"QCL","Crops and livestock products","356","India","5412","Yield","0113","Rice","2023","2023","kg/ha","4322.3","A","Official figure",""
"QCL","Crops and livestock products","356","India","5510","Production","0113","Rice","2023","2023","t","206727000","A","Official figure",""
"QCL","Crops and livestock products","356","India","5312","Area harvested","01446","Safflower seed","2023","2023","ha","108927","A","Official figure",""
"QCL","Crops and livestock products","356","India","5412","Yield","01446","Safflower seed","2023","2023","kg/ha","826.3","A","Official figure",""
"QCL","Crops and livestock products","356","India","5510","Production","01446","Safflower seed","2023","2023","t","90002.46","A","Official figure",""
"QCL","Crops and livestock products","356","India","5312","Area harvested","01921.01","Seed cotton, unginned","2023","2023","ha","12926801","A","Official figure",""
"QCL","Crops and livestock products","356","India","5412","Yield","01921.01","Seed cotton, unginned","2023","2023","kg/ha","1268.7","E","Estimated value",""
"QCL","Crops and livestock products","356","India","5510","Production","01921.01","Seed cotton, unginned","2023","2023","t","16400000","E","Estimated value",""
"QCL","Crops and livestock products","356","India","5312","Area harvested","01444","Sesame seed","2023","2023","ha","1523064","A","Official figure",""
"QCL","Crops and livestock products","356","India","5412","Yield","01444","Sesame seed","2023","2023","kg/ha","526.7","A","Official figure",""
"QCL","Crops and livestock products","356","India","5510","Production","01444","Sesame seed","2023","2023","t","802138.08","A","Official figure",""
"QCL","Crops and livestock products","356","India","5312","Area harvested","0114","Sorghum","2023","2023","ha","3534721","A","Official figure",""
"QCL","Crops and livestock products","356","India","5412","Yield","0114","Sorghum","2023","2023","kg/ha","1079.1","A","Official figure",""
"QCL","Crops and livestock products","356","India","5510","Production","0114","Sorghum","2023","2023","t","3814176.4","A","Official figure",""
"QCL","Crops and livestock products","356","India","5312","Area harvested","0141","Soya beans","2023","2023","ha","13084089","A","Official figure",""
"QCL","Crops and livestock products","356","India","5412","Yield","0141","Soya beans","2023","2023","kg/ha","1145.3","A","Official figure",""
"QCL","Crops and livestock products","356","India","5510","Production","0141","Soya beans","2023","2023","t","14984927.37","A","Official figure",""
"QCL","Crops and livestock products","356","India","5312","Area harvested","01802","Sugar cane","2023","2023","ha","5885317","A","Official figure",""
"QCL","Crops and livestock products","356","India","5412","Yield","01802","Sugar cane","2023","2023","kg/ha","83348.7","A","Official figure",""
"QCL","Crops and livestock products","356","India","5510","Production","01802","Sugar cane","2023","2023","t","490533351.06","A","Official figure",""
"QCL","Crops and livestock products","356","India","5312","Area harvested","01445","Sunflower seed","2023","2023","ha","364450","A","Official figure",""
"QCL","Crops and livestock products","356","India","5412","Yield","01445","Sunflower seed","2023","2023","kg/ha","996.4","A","Official figure",""
"QCL","Crops and livestock products","356","India","5510","Production","01445","Sunflower seed","2023","2023","t","363136.91","A","Official figure",""
"QCL","Crops and livestock products","356","India","5312","Area harvested","01530","Sweet potatoes","2023","2023","ha","110000","A","Official figure",""
"QCL","Crops and livestock products","356","India","5412","Yield","01530","Sweet potatoes","2023","2023","kg/ha","11718.2","A","Official figure",""
"QCL","Crops and livestock products","356","India","5510","Production","01530","Sweet potatoes","2023","2023","t","1289000","A","Official figure",""
"QCL","Crops and livestock products","356","India","5312","Area harvested","01324","Tangerines, mandarins, clementines","2023","2023","ha","460000","A","Official figure",""
"QCL","Crops and livestock products","356","India","5412","Yield","01324","Tangerines, mandarins, clementines","2023","2023","kg/ha","13430.4","A","Official figure",""
"QCL","Crops and livestock products","356","India","5510","Production","01324","Tangerines, mandarins, clementines","2023","2023","t","6178000","A","Official figure",""
"QCL","Crops and livestock products","356","India","5312","Area harvested","01620","Tea leaves","2023","2023","ha","618824","I","Value imputed by a receiving agency",""
"QCL","Crops and livestock products","356","India","5412","Yield","01620","Tea leaves","2023","2023","kg/ha","10250.4","E","Estimated value",""
"QCL","Crops and livestock products","356","India","5510","Production","01620","Tea leaves","2023","2023","t","6343165.25","I","Value imputed by a receiving agency",""
"QCL","Crops and livestock products","356","India","5312","Area harvested","01234","Tomatoes","2023","2023","ha","849000","A","Official figure",""
"QCL","Crops and livestock products","356","India","5412","Yield","01234","Tomatoes","2023","2023","kg/ha","24057.7","A","Official figure",""
"QCL","Crops and livestock products","356","India","5510","Production","01234","Tomatoes","2023","2023","t","20425000","A","Official figure",""
"QCL","Crops and livestock products","356","India","5312","Area harvested","01929.02","True hemp, raw or retted","2023","2023","ha","","M","Missing value; data cannot exist",""
"QCL","Crops and livestock products","356","India","5510","Production","01929.02","True hemp, raw or retted","2023","2023","t","","M","Missing value; data cannot exist",""
"QCL","Crops and livestock products","356","India","5312","Area harvested","01970","Unmanufactured tobacco","2023","2023","ha","422115","I","Value imputed by a receiving agency",""
"QCL","Crops and livestock products","356","India","5412","Yield","01970","Unmanufactured tobacco","2023","2023","kg/ha","1823.4","E","Estimated value",""
"QCL","Crops and livestock products","356","India","5510","Production","01970","Unmanufactured tobacco","2023","2023","t","769671.49","I","Value imputed by a receiving agency",""
"QCL","Crops and livestock products","356","India","5312","Area harvested","01376","Walnuts, in shell","2023","2023","ha","","M","Missing value; data cannot exist",""
"QCL","Crops and livestock products","356","India","5510","Production","01376","Walnuts, in shell","2023","2023","t","","M","Missing value; data cannot exist",""
"QCL","Crops and livestock products","356","India","5312","Area harvested","01221","Watermelons","2023","2023","ha","126000","A","Official figure",""
"QCL","Crops and livestock products","356","India","5412","Yield","01221","Watermelons","2023","2023","kg/ha","28777.8","A","Official figure",""
"QCL","Crops and livestock products","356","India","5510","Production","01221","Watermelons","2023","2023","t","3626000","A","Official figure",""
"QCL","Crops and livestock products","356","India","5312","Area harvested","0111","Wheat","2023","2023","ha","31400716","A","Official figure",""
"QCL","Crops and livestock products","356","India","5412","Yield","0111","Wheat","2023","2023","kg/ha","3520.7","A","Official figure",""
"QCL","Crops and livestock products","356","India","5510","Production","0111","Wheat","2023","2023","t","110553675.31","A","Official figure",""
